fipstate_mapped,county,naics,est
CALIFORNIA,Los Angeles County,Educational Services,4548
ILLINOIS,Cook County,Educational Services,2209
CALIFORNIA,Orange County,Educational Services,1779
NEW YORK,New York County,Educational Services,1692
ARIZONA,Maricopa County,Educational Services,1668
CALIFORNIA,San Diego County,Educational Services,1649
WASHINGTON,King County,Educational Services,1489
TEXAS,Harris County,Educational Services,1385
NEW YORK,Kings County,Educational Services,1222
CALIFORNIA,Santa Clara County,Educational Services,1154
CALIFORNIA,Alameda County,Educational Services,1046
FLORIDA,Broward County,Educational Services,983
MASSACHUSETTS,Middlesex County,Educational Services,941
TEXAS,Dallas County,Educational Services,868
TEXAS,Travis County,Educational Services,813
NEW YORK,Queens County,Educational Services,789
FLORIDA,Palm Beach County,Educational Services,747
GEORGIA,Fulton County,Educational Services,731
NEW YORK,Nassau County,Educational Services,728
MINNESOTA,Hennepin County,Educational Services,715
VIRGINIA,Fairfax County,Educational Services,692
DISTRICT OF COLUMBIA,District of Columbia,Educational Services,678
NEVADA,Clark County,Educational Services,667
CALIFORNIA,San Francisco County,Educational Services,662
NEW YORK,Suffolk County,Educational Services,647
FLORIDA,Orange County,Educational Services,641
FLORIDA,Hillsborough County,Educational Services,630
TEXAS,Tarrant County,Educational Services,608
NEW YORK,Westchester County,Educational Services,603
PENNSYLVANIA,Philadelphia County,Educational Services,597
MARYLAND,Montgomery County,Educational Services,594
NEW JERSEY,Bergen County,Educational Services,572
NORTH CAROLINA,Wake County,Educational Services,571
CONNECTICUT,Fairfield County,Educational Services,559
UTAH,Salt Lake County,Educational Services,556
TEXAS,Collin County,Educational Services,535
NORTH CAROLINA,Mecklenburg County,Educational Services,534
CALIFORNIA,Sacramento County,Educational Services,532
TEXAS,Bexar County,Educational Services,528
COLORADO,Denver County,Educational Services,527
CALIFORNIA,Riverside County,Educational Services,526
ILLINOIS,DuPage County,Educational Services,509
OREGON,Multnomah County,Educational Services,506
PENNSYLVANIA,Allegheny County,Educational Services,506
MICHIGAN,Oakland County,Educational Services,504
OHIO,Cuyahoga County,Educational Services,493
CALIFORNIA,San Bernardino County,Educational Services,480
CALIFORNIA,Contra Costa County,Educational Services,480
OHIO,Franklin County,Educational Services,478
CALIFORNIA,San Mateo County,Educational Services,475
PENNSYLVANIA,Montgomery County,Educational Services,463
MISSOURI,St. Louis County,Educational Services,441
MASSACHUSETTS,Suffolk County,Educational Services,434
MASSACHUSETTS,Norfolk County,Educational Services,423
FLORIDA,Pinellas County,Educational Services,402
FLORIDA,Duval County,Educational Services,393
GEORGIA,Gwinnett County,Educational Services,383
MICHIGAN,Wayne County,Educational Services,370
GEORGIA,Cobb County,Educational Services,364
HAWAII,Honolulu County,Educational Services,361
ARIZONA,Pima County,Educational Services,356
TEXAS,Fort Bend County,Educational Services,354
NEW JERSEY,Middlesex County,Educational Services,349
GEORGIA,DeKalb County,Educational Services,347
NEW JERSEY,Essex County,Educational Services,346
NEW JERSEY,Monmouth County,Educational Services,343
TEXAS,Denton County,Educational Services,341
NEW YORK,Erie County,Educational Services,340
ILLINOIS,Lake County,Educational Services,338
NEW JERSEY,Morris County,Educational Services,335
INDIANA,Marion County,Educational Services,334
COLORADO,Arapahoe County,Educational Services,333
OHIO,Hamilton County,Educational Services,333
UTAH,Utah County,Educational Services,331
CONNECTICUT,New Haven County,Educational Services,327
COLORADO,El Paso County,Educational Services,324
COLORADO,Jefferson County,Educational Services,322
CALIFORNIA,Ventura County,Educational Services,321
MASSACHUSETTS,Worcester County,Educational Services,320
WISCONSIN,Milwaukee County,Educational Services,319
COLORADO,Boulder County,Educational Services,312
NEW YORK,Monroe County,Educational Services,306
TENNESSEE,Davidson County,Educational Services,303
MASSACHUSETTS,Essex County,Educational Services,302
CONNECTICUT,Hartford County,Educational Services,296
TENNESSEE,Shelby County,Educational Services,294
NEW YORK,Bronx County,Educational Services,287
OREGON,Washington County,Educational Services,284
TEXAS,Williamson County,Educational Services,276
WASHINGTON,Snohomish County,Educational Services,273
WISCONSIN,Dane County,Educational Services,273
MARYLAND,Baltimore County,Educational Services,268
NEW JERSEY,Ocean County,Educational Services,262
MINNESOTA,Ramsey County,Educational Services,262
VIRGINIA,Loudoun County,Educational Services,262
KANSAS,Johnson County,Educational Services,262
DELAWARE,New Castle County,Educational Services,260
NEW JERSEY,Mercer County,Educational Services,258
PENNSYLVANIA,Bucks County,Educational Services,258
PENNSYLVANIA,Chester County,Educational Services,256
OKLAHOMA,Oklahoma County,Educational Services,252
RHODE ISLAND,Providence County,Educational Services,252
MISSOURI,Jackson County,Educational Services,248
KENTUCKY,Jefferson County,Educational Services,247
NEW MEXICO,Bernalillo County,Educational Services,242
FLORIDA,Seminole County,Educational Services,241
PENNSYLVANIA,Delaware County,Educational Services,241
LOUISIANA,Orleans Parish,Educational Services,240
MARYLAND,Baltimore city,Educational Services,235
MARYLAND,Prince George,Educational Services,235
NEBRASKA,Douglas County,Educational Services,227
IDAHO,Ada County,Educational Services,226
NEW JERSEY,Union County,Educational Services,226
CALIFORNIA,Marin County,Educational Services,225
ILLINOIS,Will County,Educational Services,224
CALIFORNIA,Santa Barbara County,Educational Services,223
MICHIGAN,Kent County,Educational Services,219
COLORADO,Douglas County,Educational Services,218
LOUISIANA,East Baton Rouge Parish,Educational Services,218
OKLAHOMA,Tulsa County,Educational Services,216
SOUTH CAROLINA,Greenville County,Educational Services,213
MARYLAND,Howard County,Educational Services,212
WASHINGTON,Pierce County,Educational Services,211
NEW JERSEY,Somerset County,Educational Services,210
MARYLAND,Anne Arundel County,Educational Services,209
NEW HAMPSHIRE,Hillsborough County,Educational Services,209
CALIFORNIA,Sonoma County,Educational Services,208
FLORIDA,Brevard County,Educational Services,199
TEXAS,Montgomery County,Educational Services,197
NORTH CAROLINA,Guilford County,Educational Services,196
CALIFORNIA,Fresno County,Educational Services,196
SOUTH CAROLINA,Charleston County,Educational Services,195
FLORIDA,Lee County,Educational Services,195
NEW YORK,Rockland County,Educational Services,194
NORTH CAROLINA,Durham County,Educational Services,191
NEW JERSEY,Hudson County,Educational Services,191
NEVADA,Washoe County,Educational Services,187
WISCONSIN,Waukesha County,Educational Services,184
ALABAMA,Jefferson County,Educational Services,183
INDIANA,Hamilton County,Educational Services,183
CALIFORNIA,Placer County,Educational Services,183
FLORIDA,Polk County,Educational Services,182
NORTH CAROLINA,Buncombe County,Educational Services,182
FLORIDA,Sarasota County,Educational Services,181
COLORADO,Larimer County,Educational Services,180
MASSACHUSETTS,Plymouth County,Educational Services,178
ARKANSAS,Pulaski County,Educational Services,178
WASHINGTON,Spokane County,Educational Services,177
OHIO,Summit County,Educational Services,173
IOWA,Polk County,Educational Services,171
CALIFORNIA,Santa Cruz County,Educational Services,169
NEW YORK,Richmond County,Educational Services,169
NEW JERSEY,Camden County,Educational Services,168
MAINE,Cumberland County,Educational Services,168
VIRGINIA,Virginia Beach city,Educational Services,166
NEW JERSEY,Burlington County,Educational Services,164
FLORIDA,Volusia County,Educational Services,161
OHIO,Montgomery County,Educational Services,161
WASHINGTON,Clark County,Educational Services,160
ILLINOIS,Kane County,Educational Services,160
CALIFORNIA,Kern County,Educational Services,158
NEW YORK,Albany County,Educational Services,156
TEXAS,El Paso County,Educational Services,154
UTAH,Davis County,Educational Services,153
NEW YORK,Onondaga County,Educational Services,153
MICHIGAN,Macomb County,Educational Services,151
OREGON,Clackamas County,Educational Services,151
FLORIDA,Pasco County,Educational Services,151
MASSACHUSETTS,Bristol County,Educational Services,149
GEORGIA,Forsyth County,Educational Services,149
VIRGINIA,Prince William County,Educational Services,148
MINNESOTA,Dakota County,Educational Services,148
NEW HAMPSHIRE,Rockingham County,Educational Services,148
VIRGINIA,Henrico County,Educational Services,147
MICHIGAN,Washtenaw County,Educational Services,146
PENNSYLVANIA,Lancaster County,Educational Services,146
COLORADO,Adams County,Educational Services,145
OHIO,Lucas County,Educational Services,143
TENNESSEE,Williamson County,Educational Services,142
FLORIDA,Manatee County,Educational Services,141
FLORIDA,Collier County,Educational Services,141
NEW JERSEY,Passaic County,Educational Services,141
CALIFORNIA,San Joaquin County,Educational Services,141
OREGON,Lane County,Educational Services,140
MASSACHUSETTS,Hampden County,Educational Services,140
NEBRASKA,Lancaster County,Educational Services,139
SOUTH CAROLINA,Richland County,Educational Services,139
INDIANA,Lake County,Educational Services,137
TENNESSEE,Knox County,Educational Services,137
CALIFORNIA,Monterey County,Educational Services,136
KENTUCKY,Fayette County,Educational Services,132
FLORIDA,St. Johns County,Educational Services,129
LOUISIANA,Jefferson Parish,Educational Services,129
NEW YORK,Orange County,Educational Services,128
MISSOURI,St. Louis city,Educational Services,127
KANSAS,Sedgwick County,Educational Services,126
VERMONT,Chittenden County,Educational Services,126
NEW YORK,Dutchess County,Educational Services,123
TENNESSEE,Hamilton County,Educational Services,122
FLORIDA,Osceola County,Educational Services,121
FLORIDA,Alachua County,Educational Services,120
FLORIDA,Leon County,Educational Services,120
TEXAS,Hidalgo County,Educational Services,120
ALABAMA,Madison County,Educational Services,118
VIRGINIA,Arlington County,Educational Services,118
PENNSYLVANIA,Lehigh County,Educational Services,116
MASSACHUSETTS,Hampshire County,Educational Services,115
FLORIDA,Lake County,Educational Services,115
NORTH CAROLINA,Forsyth County,Educational Services,114
MISSOURI,St. Charles County,Educational Services,112
ALASKA,Anchorage Borough,Educational Services,111
CALIFORNIA,San Luis Obispo County,Educational Services,111
MINNESOTA,Washington County,Educational Services,111
VIRGINIA,Chesterfield County,Educational Services,109
INDIANA,Allen County,Educational Services,108
NEW MEXICO,Santa Fe County,Educational Services,108
VIRGINIA,Richmond city,Educational Services,107
NORTH CAROLINA,Orange County,Educational Services,103
MASSACHUSETTS,Barnstable County,Educational Services,103
OREGON,Deschutes County,Educational Services,103
OREGON,Marion County,Educational Services,102
WASHINGTON,Whatcom County,Educational Services,102
TEXAS,Brazoria County,Educational Services,101
MICHIGAN,Ingham County,Educational Services,100
VIRGINIA,Chesapeake city,Educational Services,99
LOUISIANA,Lafayette Parish,Educational Services,98
ARKANSAS,Benton County,Educational Services,97
MARYLAND,Frederick County,Educational Services,96
CALIFORNIA,Stanislaus County,Educational Services,96
HAWAII,Maui County,Educational Services,95
CALIFORNIA,Solano County,Educational Services,95
NORTH CAROLINA,New Hanover County,Educational Services,95
VIRGINIA,Alexandria city,Educational Services,94
GEORGIA,Cherokee County,Educational Services,94
PENNSYLVANIA,Dauphin County,Educational Services,93
GEORGIA,Chatham County,Educational Services,93
PENNSYLVANIA,Northampton County,Educational Services,92
WASHINGTON,Thurston County,Educational Services,92
ALABAMA,Mobile County,Educational Services,92
OHIO,Delaware County,Educational Services,91
MISSOURI,Greene County,Educational Services,91
OREGON,Jackson County,Educational Services,90
ARIZONA,Yavapai County,Educational Services,90
OHIO,Stark County,Educational Services,90
TEXAS,Galveston County,Educational Services,88
MONTANA,Gallatin County,Educational Services,88
NEW HAMPSHIRE,Merrimack County,Educational Services,87
MICHIGAN,Genesee County,Educational Services,86
TEXAS,Lubbock County,Educational Services,85
FLORIDA,Escambia County,Educational Services,85
MARYLAND,Harford County,Educational Services,85
TEXAS,Hays County,Educational Services,85
OHIO,Butler County,Educational Services,85
ILLINOIS,McHenry County,Educational Services,84
CONNECTICUT,New London County,Educational Services,82
NEW YORK,Ulster County,Educational Services,82
WASHINGTON,Kitsap County,Educational Services,82
OKLAHOMA,Cleveland County,Educational Services,82
MINNESOTA,Anoka County,Educational Services,81
ALABAMA,Montgomery County,Educational Services,80
SOUTH CAROLINA,Lexington County,Educational Services,79
FLORIDA,St. Lucie County,Educational Services,79
NEW JERSEY,Gloucester County,Educational Services,78
PENNSYLVANIA,York County,Educational Services,78
TEXAS,Nueces County,Educational Services,77
MICHIGAN,Kalamazoo County,Educational Services,77
NORTH CAROLINA,Cumberland County,Educational Services,76
PENNSYLVANIA,Berks County,Educational Services,76
WISCONSIN,Brown County,Educational Services,76
MONTANA,Missoula County,Educational Services,75
TEXAS,McLennan County,Educational Services,75
SOUTH CAROLINA,York County,Educational Services,74
TEXAS,Bell County,Educational Services,74
NEW YORK,Saratoga County,Educational Services,74
NEW JERSEY,Atlantic County,Educational Services,74
COLORADO,Weld County,Educational Services,73
OHIO,Lorain County,Educational Services,73
SOUTH CAROLINA,Horry County,Educational Services,73
LOUISIANA,St. Tammany Parish,Educational Services,73
PENNSYLVANIA,Erie County,Educational Services,73
OHIO,Warren County,Educational Services,73
INDIANA,St. Joseph County,Educational Services,72
SOUTH CAROLINA,Beaufort County,Educational Services,72
PENNSYLVANIA,Luzerne County,Educational Services,72
PENNSYLVANIA,Cumberland County,Educational Services,72
ALABAMA,Shelby County,Educational Services,72
TENNESSEE,Rutherford County,Educational Services,72
NORTH CAROLINA,Union County,Educational Services,71
TEXAS,Cameron County,Educational Services,71
IOWA,Linn County,Educational Services,71
MICHIGAN,Ottawa County,Educational Services,70
VIRGINIA,Norfolk city,Educational Services,70
IDAHO,Kootenai County,Educational Services,69
VIRGINIA,Albemarle County,Educational Services,69
PENNSYLVANIA,Butler County,Educational Services,69
MISSISSIPPI,Hinds County,Educational Services,68
CONNECTICUT,Litchfield County,Educational Services,68
WISCONSIN,Outagamie County,Educational Services,68
MISSOURI,Boone County,Educational Services,66
TEXAS,Brazos County,Educational Services,66
ILLINOIS,Winnebago County,Educational Services,66
LOUISIANA,Caddo Parish,Educational Services,66
CONNECTICUT,Middlesex County,Educational Services,66
PENNSYLVANIA,Lackawanna County,Educational Services,65
MINNESOTA,Olmsted County,Educational Services,65
ILLINOIS,Champaign County,Educational Services,65
CALIFORNIA,Butte County,Educational Services,65
MARYLAND,Carroll County,Educational Services,65
GEORGIA,Fayette County,Educational Services,65
FLORIDA,Martin County,Educational Services,64
MISSOURI,Clay County,Educational Services,64
UTAH,Washington County,Educational Services,63
CALIFORNIA,El Dorado County,Educational Services,63
RHODE ISLAND,Washington County,Educational Services,63
INDIANA,Vanderburgh County,Educational Services,62
NORTH CAROLINA,Iredell County,Educational Services,62
NEW HAMPSHIRE,Grafton County,Educational Services,62
UTAH,Weber County,Educational Services,61
CALIFORNIA,Shasta County,Educational Services,61
CALIFORNIA,Yolo County,Educational Services,61
TEXAS,Smith County,Educational Services,60
FLORIDA,Marion County,Educational Services,60
ARKANSAS,Washington County,Educational Services,60
OHIO,Lake County,Educational Services,60
WASHINGTON,Yakima County,Educational Services,59
CALIFORNIA,Napa County,Educational Services,59
PENNSYLVANIA,Westmoreland County,Educational Services,59
VERMONT,Washington County,Educational Services,58
TEXAS,Comal County,Educational Services,58
GEORGIA,Muscogee County,Educational Services,58
ILLINOIS,Sangamon County,Educational Services,58
DELAWARE,Kent County,Educational Services,58
HAWAII,Hawaii County,Educational Services,58
VIRGINIA,Newport News city,Educational Services,57
MASSACHUSETTS,Berkshire County,Educational Services,57
MONTANA,Yellowstone County,Educational Services,57
VERMONT,Windham County,Educational Services,57
ILLINOIS,St. Clair County,Educational Services,56
TEXAS,Jefferson County,Educational Services,56
MINNESOTA,St. Louis County,Educational Services,56
MAINE,Kennebec County,Educational Services,56
CALIFORNIA,Nevada County,Educational Services,55
FLORIDA,Clay County,Educational Services,55
MINNESOTA,Stearns County,Educational Services,55
ILLINOIS,McLean County,Educational Services,54
ILLINOIS,Madison County,Educational Services,54
MINNESOTA,Carver County,Educational Services,54
NEW JERSEY,Hunterdon County,Educational Services,54
KANSAS,Douglas County,Educational Services,54
FLORIDA,Okaloosa County,Educational Services,54
GEORGIA,Hall County,Educational Services,54
SOUTH DAKOTA,Minnehaha County,Educational Services,53
GEORGIA,Clarke County,Educational Services,53
VIRGINIA,Stafford County,Educational Services,52
CALIFORNIA,Tulare County,Educational Services,52
PENNSYLVANIA,Washington County,Educational Services,52
NORTH CAROLINA,Cabarrus County,Educational Services,52
RHODE ISLAND,Kent County,Educational Services,52
WASHINGTON,Benton County,Educational Services,52
SOUTH CAROLINA,Spartanburg County,Educational Services,51
ARIZONA,Pinal County,Educational Services,51
IOWA,Scott County,Educational Services,51
FLORIDA,Indian River County,Educational Services,50
TEXAS,Taylor County,Educational Services,50
IOWA,Johnson County,Educational Services,50
NEW YORK,Oneida County,Educational Services,49
GEORGIA,Richmond County,Educational Services,49
NORTH DAKOTA,Cass County,Educational Services,49
ALABAMA,Baldwin County,Educational Services,49
MICHIGAN,Livingston County,Educational Services,49
INDIANA,Porter County,Educational Services,49
UTAH,Cache County,Educational Services,49
NEBRASKA,Sarpy County,Educational Services,48
INDIANA,Monroe County,Educational Services,48
ILLINOIS,Peoria County,Educational Services,48
MAINE,York County,Educational Services,48
INDIANA,Elkhart County,Educational Services,48
PENNSYLVANIA,Centre County,Educational Services,47
MISSISSIPPI,Madison County,Educational Services,47
OHIO,Mahoning County,Educational Services,47
GEORGIA,Henry County,Educational Services,47
WISCONSIN,Ozaukee County,Educational Services,47
COLORADO,Mesa County,Educational Services,47
SOUTH DAKOTA,Pennington County,Educational Services,46
WYOMING,Teton County,Educational Services,46
NORTH CAROLINA,Pitt County,Educational Services,46
NORTH CAROLINA,Gaston County,Educational Services,46
ARIZONA,Coconino County,Educational Services,46
OHIO,Greene County,Educational Services,45
GEORGIA,Columbia County,Educational Services,45
VIRGINIA,Fairfax city,Educational Services,45
TEXAS,Midland County,Educational Services,45
TENNESSEE,Sumner County,Educational Services,45
WEST VIRGINIA,Kanawha County,Educational Services,45
NEW HAMPSHIRE,Strafford County,Educational Services,45
MAINE,Penobscot County,Educational Services,45
NEW YORK,Tompkins County,Educational Services,44
IDAHO,Bonneville County,Educational Services,44
WISCONSIN,La Crosse County,Educational Services,44
NEW JERSEY,Sussex County,Educational Services,44
ILLINOIS,Kendall County,Educational Services,44
VIRGINIA,Hanover County,Educational Services,44
OHIO,Medina County,Educational Services,44
COLORADO,La Plata County,Educational Services,43
NORTH CAROLINA,Moore County,Educational Services,43
MONTANA,Lewis and Clark County,Educational Services,43
IOWA,Black Hawk County,Educational Services,43
WASHINGTON,Skagit County,Educational Services,43
IDAHO,Canyon County,Educational Services,42
GEORGIA,Bibb County,Educational Services,42
LOUISIANA,Calcasieu Parish,Educational Services,42
KANSAS,Shawnee County,Educational Services,42
VIRGINIA,Charlottesville city,Educational Services,42
OHIO,Trumbull County,Educational Services,42
OREGON,Yamhill County,Educational Services,42
PENNSYLVANIA,Beaver County,Educational Services,41
INDIANA,Johnson County,Educational Services,41
MINNESOTA,Scott County,Educational Services,41
FLORIDA,Monroe County,Educational Services,41
MISSISSIPPI,Harrison County,Educational Services,41
NEW YORK,Putnam County,Educational Services,41
MARYLAND,St. Mary,Educational Services,40
COLORADO,Eagle County,Educational Services,40
WISCONSIN,Marathon County,Educational Services,40
MONTANA,Flathead County,Educational Services,40
SOUTH CAROLINA,Berkeley County,Educational Services,39
ALASKA,Fairbanks North Star Borough,Educational Services,39
NORTH CAROLINA,Johnston County,Educational Services,39
NEW MEXICO,Dona Ana County,Educational Services,39
DELAWARE,Sussex County,Educational Services,39
TEXAS,Guadalupe County,Educational Services,39
WISCONSIN,Racine County,Educational Services,39
LOUISIANA,Ouachita Parish,Educational Services,39
RHODE ISLAND,Newport County,Educational Services,39
TENNESSEE,Washington County,Educational Services,38
IOWA,Dubuque County,Educational Services,38
NORTH CAROLINA,Alamance County,Educational Services,38
NEW YORK,Broome County,Educational Services,38
MASSACHUSETTS,Franklin County,Educational Services,38
WISCONSIN,Walworth County,Educational Services,38
GEORGIA,Clayton County,Educational Services,38
NEW YORK,Niagara County,Educational Services,38
WASHINGTON,Island County,Educational Services,38
WISCONSIN,Kenosha County,Educational Services,38
MAINE,Hancock County,Educational Services,37
MISSOURI,Platte County,Educational Services,37
TEXAS,Webb County,Educational Services,37
OHIO,Wood County,Educational Services,37
CONNECTICUT,Tolland County,Educational Services,37
NEW YORK,Rensselaer County,Educational Services,37
NEW YORK,Schenectady County,Educational Services,37
UTAH,Summit County,Educational Services,36
TEXAS,Ellis County,Educational Services,36
OREGON,Benton County,Educational Services,36
FLORIDA,Hernando County,Educational Services,36
MICHIGAN,Grand Traverse County,Educational Services,36
NORTH CAROLINA,Onslow County,Educational Services,36
KENTUCKY,Kenton County,Educational Services,35
WISCONSIN,Winnebago County,Educational Services,35
FLORIDA,Bay County,Educational Services,35
WISCONSIN,Eau Claire County,Educational Services,35
SOUTH CAROLINA,Sumter County,Educational Services,35
NORTH CAROLINA,Catawba County,Educational Services,35
CALIFORNIA,Mendocino County,Educational Services,35
MISSOURI,Cole County,Educational Services,35
HAWAII,Kauai County,Educational Services,35
VIRGINIA,Roanoke County,Educational Services,35
KENTUCKY,Warren County,Educational Services,35
WYOMING,Laramie County,Educational Services,35
CALIFORNIA,Humboldt County,Educational Services,35
VIRGINIA,Roanoke city,Educational Services,34
INDIANA,Hendricks County,Educational Services,34
OHIO,Clermont County,Educational Services,34
PENNSYLVANIA,Monroe County,Educational Services,34
MARYLAND,Charles County,Educational Services,34
MISSISSIPPI,Rankin County,Educational Services,34
WISCONSIN,Rock County,Educational Services,34
NORTH CAROLINA,Henderson County,Educational Services,34
TEXAS,Gregg County,Educational Services,34
OHIO,Geauga County,Educational Services,33
TEXAS,Randall County,Educational Services,33
VIRGINIA,Lynchburg city,Educational Services,33
TEXAS,Wichita County,Educational Services,33
NORTH CAROLINA,Craven County,Educational Services,33
ARKANSAS,Faulkner County,Educational Services,33
OHIO,Licking County,Educational Services,33
NORTH CAROLINA,Rowan County,Educational Services,33
TENNESSEE,Montgomery County,Educational Services,33
GEORGIA,Rockdale County,Educational Services,32
VIRGINIA,Hampton city,Educational Services,32
FLORIDA,Santa Rosa County,Educational Services,32
ALASKA,Matanuska-Susitna Borough,Educational Services,32
NORTH CAROLINA,Wayne County,Educational Services,32
ALABAMA,Lee County,Educational Services,32
VERMONT,Windsor County,Educational Services,32
NORTH CAROLINA,Chatham County,Educational Services,32
SOUTH CAROLINA,Dorchester County,Educational Services,32
SOUTH CAROLINA,Anderson County,Educational Services,32
VIRGINIA,Fauquier County,Educational Services,32
NEW HAMPSHIRE,Cheshire County,Educational Services,32
NEW JERSEY,Cumberland County,Educational Services,32
MICHIGAN,Saginaw County,Educational Services,31
KENTUCKY,Daviess County,Educational Services,31
GEORGIA,Douglas County,Educational Services,31
SOUTH CAROLINA,Florence County,Educational Services,31
MISSISSIPPI,DeSoto County,Educational Services,31
TEXAS,Johnson County,Educational Services,31
FLORIDA,Charlotte County,Educational Services,30
INDIANA,Tippecanoe County,Educational Services,30
TEXAS,Kendall County,Educational Services,30
MICHIGAN,Berrien County,Educational Services,30
ILLINOIS,Rock Island County,Educational Services,30
ALASKA,Kenai Peninsula Borough,Educational Services,30
OHIO,Allen County,Educational Services,30
WASHINGTON,Chelan County,Educational Services,30
TEXAS,Rockwall County,Educational Services,30
INDIANA,Madison County,Educational Services,30
LOUISIANA,Rapides Parish,Educational Services,30
MICHIGAN,Eaton County,Educational Services,30
WYOMING,Natrona County,Educational Services,30
GEORGIA,Coweta County,Educational Services,30
NORTH DAKOTA,Burleigh County,Educational Services,30
PENNSYLVANIA,Franklin County,Educational Services,30
IOWA,Dallas County,Educational Services,30
LOUISIANA,Tangipahoa Parish,Educational Services,30
MARYLAND,Washington County,Educational Services,29
NEW MEXICO,Sandoval County,Educational Services,29
PENNSYLVANIA,Blair County,Educational Services,29
CALIFORNIA,Madera County,Educational Services,29
TENNESSEE,Sullivan County,Educational Services,29
MISSOURI,Jefferson County,Educational Services,29
MINNESOTA,Rice County,Educational Services,29
WISCONSIN,Washington County,Educational Services,29
COLORADO,Pueblo County,Educational Services,29
INDIANA,Vigo County,Educational Services,29
TENNESSEE,Blount County,Educational Services,29
COLORADO,Pitkin County,Educational Services,29
LOUISIANA,Terrebonne Parish,Educational Services,29
ARKANSAS,Sebastian County,Educational Services,28
GEORGIA,Lowndes County,Educational Services,28
ARKANSAS,Garland County,Educational Services,28
MICHIGAN,Muskegon County,Educational Services,28
TEXAS,Kaufman County,Educational Services,28
WISCONSIN,St. Croix County,Educational Services,28
NORTH CAROLINA,Brunswick County,Educational Services,28
MICHIGAN,St. Clair County,Educational Services,28
NEW YORK,Ontario County,Educational Services,28
IDAHO,Latah County,Educational Services,28
GEORGIA,Houston County,Educational Services,28
WEST VIRGINIA,Monongalia County,Educational Services,27
VIRGINIA,James City County,Educational Services,27
MAINE,Knox County,Educational Services,27
KENTUCKY,Boone County,Educational Services,27
MAINE,Androscoggin County,Educational Services,27
GEORGIA,Glynn County,Educational Services,27
CONNECTICUT,Windham County,Educational Services,27
COLORADO,Garfield County,Educational Services,27
VIRGINIA,Spotsylvania County,Educational Services,27
ALABAMA,Tuscaloosa County,Educational Services,27
UTAH,Iron County,Educational Services,27
LOUISIANA,Ascension Parish,Educational Services,27
INDIANA,Kosciusko County,Educational Services,26
MICHIGAN,Calhoun County,Educational Services,26
GEORGIA,Bartow County,Educational Services,26
MICHIGAN,Jackson County,Educational Services,26
SOUTH CAROLINA,Aiken County,Educational Services,26
NORTH CAROLINA,Watauga County,Educational Services,26
TEXAS,Tom Green County,Educational Services,26
WASHINGTON,Cowlitz County,Educational Services,26
PENNSYLVANIA,Lebanon County,Educational Services,26
MINNESOTA,Wright County,Educational Services,26
OREGON,Josephine County,Educational Services,26
FLORIDA,Flagler County,Educational Services,26
VERMONT,Bennington County,Educational Services,26
KANSAS,Riley County,Educational Services,25
OKLAHOMA,Canadian County,Educational Services,25
ARIZONA,Mohave County,Educational Services,25
IDAHO,Twin Falls County,Educational Services,25
TEXAS,Victoria County,Educational Services,25
OHIO,Portage County,Educational Services,25
ARIZONA,Yuma County,Educational Services,25
FLORIDA,Nassau County,Educational Services,25
VERMONT,Addison County,Educational Services,25
ARKANSAS,Craighead County,Educational Services,25
OHIO,Fairfield County,Educational Services,25
MISSOURI,Franklin County,Educational Services,25
MARYLAND,Cecil County,Educational Services,25
GEORGIA,Oconee County,Educational Services,25
ARIZONA,Cochise County,Educational Services,24
TEXAS,Ector County,Educational Services,24
GEORGIA,Paulding County,Educational Services,24
OHIO,Clark County,Educational Services,24
IOWA,Sioux County,Educational Services,24
OREGON,Linn County,Educational Services,24
RHODE ISLAND,Bristol County,Educational Services,24
UTAH,Wasatch County,Educational Services,24
INDIANA,Clark County,Educational Services,24
VIRGINIA,Montgomery County,Educational Services,24
TENNESSEE,Wilson County,Educational Services,23
ILLINOIS,La Salle County,Educational Services,23
COLORADO,Routt County,Educational Services,23
NEW YORK,Jefferson County,Educational Services,23
NEW JERSEY,Warren County,Educational Services,23
INDIANA,Bartholomew County,Educational Services,23
MONTANA,Cascade County,Educational Services,23
SOUTH CAROLINA,Pickens County,Educational Services,23
TEXAS,Potter County,Educational Services,23
WISCONSIN,Jefferson County,Educational Services,23
ALABAMA,Houston County,Educational Services,23
IOWA,Story County,Educational Services,23
TEXAS,Grayson County,Educational Services,23
PENNSYLVANIA,Crawford County,Educational Services,23
VIRGINIA,York County,Educational Services,23
MICHIGAN,Allegan County,Educational Services,23
GEORGIA,Barrow County,Educational Services,23
WASHINGTON,Clallam County,Educational Services,23
KENTUCKY,Madison County,Educational Services,22
MINNESOTA,Crow Wing County,Educational Services,22
WYOMING,Sheridan County,Educational Services,22
NEW JERSEY,Cape May County,Educational Services,22
PENNSYLVANIA,Cambria County,Educational Services,22
ILLINOIS,Tazewell County,Educational Services,22
PENNSYLVANIA,Mercer County,Educational Services,22
MINNESOTA,Sherburne County,Educational Services,22
VIRGINIA,Winchester city,Educational Services,22
FLORIDA,Highlands County,Educational Services,22
VIRGINIA,Fredericksburg city,Educational Services,22
SOUTH CAROLINA,Kershaw County,Educational Services,22
IDAHO,Bonner County,Educational Services,22
TEXAS,Parker County,Educational Services,22
IOWA,Woodbury County,Educational Services,22
NEW HAMPSHIRE,Carroll County,Educational Services,21
SOUTH DAKOTA,Lincoln County,Educational Services,21
OHIO,Richland County,Educational Services,21
WYOMING,Fremont County,Educational Services,21
PENNSYLVANIA,Adams County,Educational Services,21
COLORADO,Summit County,Educational Services,21
PENNSYLVANIA,Fayette County,Educational Services,21
MAINE,Lincoln County,Educational Services,21
MARYLAND,Calvert County,Educational Services,21
MISSOURI,Buchanan County,Educational Services,21
ILLINOIS,DeKalb County,Educational Services,21
NORTH CAROLINA,Harnett County,Educational Services,21
VIRGINIA,Manassas city,Educational Services,21
GEORGIA,Dougherty County,Educational Services,21
LOUISIANA,Bossier Parish,Educational Services,21
GEORGIA,Floyd County,Educational Services,21
OKLAHOMA,Comanche County,Educational Services,21
NEW YORK,Sullivan County,Educational Services,21
TEXAS,Orange County,Educational Services,20
NEW MEXICO,San Juan County,Educational Services,20
MARYLAND,Wicomico County,Educational Services,20
INDIANA,Delaware County,Educational Services,20
INDIANA,Howard County,Educational Services,20
KANSAS,Wyandotte County,Educational Services,20
VERMONT,Rutland County,Educational Services,20
OREGON,Hood River County,Educational Services,20
IDAHO,Bannock County,Educational Services,20
ALASKA,Juneau Borough,Educational Services,20
VERMONT,Caledonia County,Educational Services,20
NORTH CAROLINA,Wilson County,Educational Services,20
GEORGIA,Walton County,Educational Services,20
CALIFORNIA,Merced County,Educational Services,20
WISCONSIN,Sheboygan County,Educational Services,20
VIRGINIA,Suffolk city,Educational Services,20
OHIO,Miami County,Educational Services,20
WASHINGTON,Jefferson County,Educational Services,20
KENTUCKY,Campbell County,Educational Services,20
OHIO,Erie County,Educational Services,20
TENNESSEE,Madison County,Educational Services,19
TENNESSEE,Maury County,Educational Services,19
OHIO,Wayne County,Educational Services,19
KENTUCKY,McCracken County,Educational Services,19
ARIZONA,Navajo County,Educational Services,19
WEST VIRGINIA,Harrison County,Educational Services,19
NORTH DAKOTA,Ward County,Educational Services,19
MICHIGAN,Bay County,Educational Services,19
WEST VIRGINIA,Cabell County,Educational Services,19
WISCONSIN,Wood County,Educational Services,19
MISSOURI,Jasper County,Educational Services,19
PENNSYLVANIA,Schuylkill County,Educational Services,19
NORTH DAKOTA,Grand Forks County,Educational Services,19
IDAHO,Blaine County,Educational Services,19
MISSOURI,Cape Girardeau County,Educational Services,19
MISSOURI,Cass County,Educational Services,19
CALIFORNIA,Kings County,Educational Services,19
OHIO,Belmont County,Educational Services,19
NEW HAMPSHIRE,Belknap County,Educational Services,19
FLORIDA,Columbia County,Educational Services,18
SOUTH CAROLINA,Georgetown County,Educational Services,18
MICHIGAN,Monroe County,Educational Services,18
NORTH CAROLINA,Nash County,Educational Services,18
NEW MEXICO,Eddy County,Educational Services,18
WEST VIRGINIA,Jefferson County,Educational Services,18
FLORIDA,Sumter County,Educational Services,18
WEST VIRGINIA,Ohio County,Educational Services,18
WEST VIRGINIA,Wood County,Educational Services,18
NEW YORK,Essex County,Educational Services,18
VIRGINIA,Harrisonburg city,Educational Services,18
NEBRASKA,Hall County,Educational Services,18
NORTH CAROLINA,Davidson County,Educational Services,18
CALIFORNIA,San Benito County,Educational Services,18
ARKANSAS,Saline County,Educational Services,18
ILLINOIS,Kankakee County,Educational Services,18
INDIANA,Boone County,Educational Services,18
MISSISSIPPI,Jackson County,Educational Services,18
NEVADA,Douglas County,Educational Services,18
ALABAMA,Morgan County,Educational Services,18
FLORIDA,Citrus County,Educational Services,17
ARKANSAS,Pope County,Educational Services,17
ILLINOIS,Macon County,Educational Services,17
MISSISSIPPI,Forrest County,Educational Services,17
IDAHO,Madison County,Educational Services,17
NEW YORK,Warren County,Educational Services,17
WEST VIRGINIA,Berkeley County,Educational Services,17
MINNESOTA,Blue Earth County,Educational Services,17
SOUTH CAROLINA,Orangeburg County,Educational Services,17
INDIANA,La Porte County,Educational Services,17
IOWA,Jefferson County,Educational Services,17
MISSISSIPPI,Lowndes County,Educational Services,17
NEW YORK,Columbia County,Educational Services,17
OREGON,Douglas County,Educational Services,17
NORTH CAROLINA,Transylvania County,Educational Services,17
NEW YORK,Madison County,Educational Services,17
WASHINGTON,Franklin County,Educational Services,17
KENTUCKY,Jessamine County,Educational Services,17
GEORGIA,Carroll County,Educational Services,17
KENTUCKY,Hardin County,Educational Services,17
LOUISIANA,St. Landry Parish,Educational Services,17
FLORIDA,Walton County,Educational Services,17
VERMONT,Lamoille County,Educational Services,16
NEW YORK,Wayne County,Educational Services,16
UTAH,Tooele County,Educational Services,16
CALIFORNIA,Sutter County,Educational Services,16
NEVADA,Carson City,Educational Services,16
KENTUCKY,Oldham County,Educational Services,16
OHIO,Hancock County,Educational Services,16
GEORGIA,Newton County,Educational Services,16
NEBRASKA,Buffalo County,Educational Services,16
MINNESOTA,Beltrami County,Educational Services,16
ALABAMA,Calhoun County,Educational Services,16
INDIANA,Floyd County,Educational Services,16
PENNSYLVANIA,Indiana County,Educational Services,16
OKLAHOMA,Garfield County,Educational Services,16
MARYLAND,Talbot County,Educational Services,16
ILLINOIS,Williamson County,Educational Services,16
PENNSYLVANIA,Lycoming County,Educational Services,16
VIRGINIA,Rockingham County,Educational Services,16
NEW HAMPSHIRE,Sullivan County,Educational Services,16
TEXAS,Bastrop County,Educational Services,16
OKLAHOMA,Payne County,Educational Services,16
WASHINGTON,Grant County,Educational Services,16
MISSISSIPPI,Lauderdale County,Educational Services,16
NEW YORK,Chautauqua County,Educational Services,16
ARKANSAS,White County,Educational Services,15
WISCONSIN,Chippewa County,Educational Services,15
LOUISIANA,Iberia Parish,Educational Services,15
VIRGINIA,Falls Church city,Educational Services,15
MONTANA,Silver Bow County,Educational Services,15
TENNESSEE,Putnam County,Educational Services,15
NORTH CAROLINA,Carteret County,Educational Services,15
NEW YORK,Cayuga County,Educational Services,15
CALIFORNIA,Imperial County,Educational Services,15
ALABAMA,Lauderdale County,Educational Services,15
WISCONSIN,Portage County,Educational Services,15
NORTH CAROLINA,Lee County,Educational Services,15
NORTH CAROLINA,Dare County,Educational Services,15
MISSOURI,Christian County,Educational Services,15
MARYLAND,Kent County,Educational Services,15
IOWA,Pottawattamie County,Educational Services,15
OREGON,Clatsop County,Educational Services,15
VIRGINIA,Augusta County,Educational Services,15
NEW YORK,Chemung County,Educational Services,15
TEXAS,Hood County,Educational Services,15
WASHINGTON,San Juan County,Educational Services,15
NEW MEXICO,Taos County,Educational Services,15
SOUTH DAKOTA,Brookings County,Educational Services,15
NORTH CAROLINA,Stanly County,Educational Services,15
COLORADO,Gunnison County,Educational Services,15
MICHIGAN,Lenawee County,Educational Services,15
IDAHO,Bingham County,Educational Services,15
NORTH CAROLINA,Cleveland County,Educational Services,15
NEW YORK,St. Lawrence County,Educational Services,15
VIRGINIA,Frederick County,Educational Services,15
TEXAS,Hunt County,Educational Services,15
VIRGINIA,Warren County,Educational Services,15
MAINE,Washington County,Educational Services,15
NORTH CAROLINA,Randolph County,Educational Services,15
WASHINGTON,Okanogan County,Educational Services,15
KANSAS,Butler County,Educational Services,15
NORTH CAROLINA,Lincoln County,Educational Services,15
KANSAS,Leavenworth County,Educational Services,15
MAINE,Waldo County,Educational Services,15
MASSACHUSETTS,Dukes County,Educational Services,15
LOUISIANA,Lafourche Parish,Educational Services,15
NORTH CAROLINA,Beaufort County,Educational Services,14
VIRGINIA,Bedford County,Educational Services,14
MISSISSIPPI,Lee County,Educational Services,14
COLORADO,Chaffee County,Educational Services,14
NEW JERSEY,Salem County,Educational Services,14
GEORGIA,Camden County,Educational Services,14
UTAH,Box Elder County,Educational Services,14
NEBRASKA,Platte County,Educational Services,14
INDIANA,Wayne County,Educational Services,14
MISSISSIPPI,Lamar County,Educational Services,14
INDIANA,Marshall County,Educational Services,14
ALABAMA,Cullman County,Educational Services,14
OREGON,Columbia County,Educational Services,14
MICHIGAN,Marquette County,Educational Services,14
OHIO,Jefferson County,Educational Services,14
ILLINOIS,Adams County,Educational Services,14
MONTANA,Ravalli County,Educational Services,14
MINNESOTA,Brown County,Educational Services,14
SOUTH DAKOTA,Hughes County,Educational Services,14
TENNESSEE,Bradley County,Educational Services,14
MICHIGAN,Midland County,Educational Services,14
MICHIGAN,Clinton County,Educational Services,14
KANSAS,Reno County,Educational Services,14
PENNSYLVANIA,Lawrence County,Educational Services,14
OHIO,Muskingum County,Educational Services,14
NEW YORK,Cattaraugus County,Educational Services,13
MISSISSIPPI,Washington County,Educational Services,13
ILLINOIS,Grundy County,Educational Services,13
KENTUCKY,Christian County,Educational Services,13
PENNSYLVANIA,Northumberland County,Educational Services,13
TEXAS,Kerr County,Educational Services,13
NORTH DAKOTA,Stark County,Educational Services,13
MICHIGAN,Lapeer County,Educational Services,13
TEXAS,Angelina County,Educational Services,13
TEXAS,Burnet County,Educational Services,13
MASSACHUSETTS,Nantucket County,Educational Services,13
ILLINOIS,Jackson County,Educational Services,13
MAINE,Somerset County,Educational Services,13
OKLAHOMA,Rogers County,Educational Services,13
LOUISIANA,Livingston Parish,Educational Services,13
MAINE,Oxford County,Educational Services,13
OREGON,Klamath County,Educational Services,13
OREGON,Coos County,Educational Services,13
VERMONT,Orange County,Educational Services,13
TEXAS,Bowie County,Educational Services,13
OKLAHOMA,Carter County,Educational Services,13
NORTH CAROLINA,Franklin County,Educational Services,13
LOUISIANA,Vermilion Parish,Educational Services,13
IDAHO,Nez Perce County,Educational Services,13
KENTUCKY,Pulaski County,Educational Services,13
NEW MEXICO,Otero County,Educational Services,13
OHIO,Seneca County,Educational Services,13
OHIO,Tuscarawas County,Educational Services,13
MARYLAND,Queen Anne,Educational Services,13
PENNSYLVANIA,Columbia County,Educational Services,13
WISCONSIN,Manitowoc County,Educational Services,13
INDIANA,Hancock County,Educational Services,13
ILLINOIS,Vermilion County,Educational Services,13
OREGON,Polk County,Educational Services,12
OKLAHOMA,Muskogee County,Educational Services,12
OHIO,Columbiana County,Educational Services,12
ALABAMA,Coffee County,Educational Services,12
PENNSYLVANIA,Wayne County,Educational Services,12
OHIO,Ashtabula County,Educational Services,12
TENNESSEE,Sevier County,Educational Services,12
NORTH CAROLINA,Rutherford County,Educational Services,12
IDAHO,Teton County,Educational Services,12
LOUISIANA,St. John the Baptist Parish,Educational Services,12
GEORGIA,Jackson County,Educational Services,12
GEORGIA,Whitfield County,Educational Services,12
SOUTH CAROLINA,Oconee County,Educational Services,12
WISCONSIN,Fond du Lac County,Educational Services,12
IOWA,Cerro Gordo County,Educational Services,12
VIRGINIA,Staunton city,Educational Services,12
OHIO,Union County,Educational Services,12
GEORGIA,Troup County,Educational Services,12
TEXAS,Waller County,Educational Services,12
ALABAMA,Limestone County,Educational Services,12
NEW YORK,Otsego County,Educational Services,12
MINNESOTA,Winona County,Educational Services,12
NEW YORK,Oswego County,Educational Services,12
KENTUCKY,Franklin County,Educational Services,12
IOWA,Warren County,Educational Services,12
OKLAHOMA,Logan County,Educational Services,12
WASHINGTON,Walla Walla County,Educational Services,12
MINNESOTA,Chisago County,Educational Services,12
VIRGINIA,Washington County,Educational Services,12
WISCONSIN,Vernon County,Educational Services,12
MICHIGAN,Emmet County,Educational Services,12
WISCONSIN,Pierce County,Educational Services,12
WASHINGTON,Kittitas County,Educational Services,12
GEORGIA,Bulloch County,Educational Services,12
SOUTH CAROLINA,Lancaster County,Educational Services,12
MISSISSIPPI,Lincoln County,Educational Services,12
INDIANA,Morgan County,Educational Services,12
LOUISIANA,St. Mary Parish,Educational Services,11
ALABAMA,Marshall County,Educational Services,11
MARYLAND,Worcester County,Educational Services,11
MISSOURI,St. Francois County,Educational Services,11
MICHIGAN,Wexford County,Educational Services,11
IOWA,Plymouth County,Educational Services,11
VIRGINIA,Danville city,Educational Services,11
OHIO,Ottawa County,Educational Services,11
TEXAS,Nacogdoches County,Educational Services,11
WISCONSIN,Columbia County,Educational Services,11
SOUTH DAKOTA,Brown County,Educational Services,11
KENTUCKY,Hopkins County,Educational Services,11
OHIO,Ashland County,Educational Services,11
WISCONSIN,Dodge County,Educational Services,11
MONTANA,Park County,Educational Services,11
VIRGINIA,Goochland County,Educational Services,11
OREGON,Lincoln County,Educational Services,11
MICHIGAN,Isabella County,Educational Services,11
NORTH CAROLINA,Person County,Educational Services,11
ILLINOIS,Knox County,Educational Services,11
MICHIGAN,Houghton County,Educational Services,11
KANSAS,Lyon County,Educational Services,11
NORTH CAROLINA,Pender County,Educational Services,11
MISSOURI,Phelps County,Educational Services,11
LOUISIANA,Lincoln Parish,Educational Services,11
CALIFORNIA,Yuba County,Educational Services,11
INDIANA,Grant County,Educational Services,11
COLORADO,Montezuma County,Educational Services,11
WYOMING,Park County,Educational Services,11
MINNESOTA,Otter Tail County,Educational Services,11
WASHINGTON,Lewis County,Educational Services,11
NEW HAMPSHIRE,Coos County,Educational Services,11
MISSISSIPPI,Warren County,Educational Services,11
TEXAS,Caldwell County,Educational Services,11
VIRGINIA,Portsmouth city,Educational Services,11
CALIFORNIA,Tuolumne County,Educational Services,11
PENNSYLVANIA,Union County,Educational Services,11
ALABAMA,Dale County,Educational Services,11
GEORGIA,Baldwin County,Educational Services,11
WISCONSIN,Sauk County,Educational Services,11
MAINE,Aroostook County,Educational Services,11
MISSOURI,Johnson County,Educational Services,11
VERMONT,Orleans County,Educational Services,11
ARIZONA,Santa Cruz County,Educational Services,10
MISSISSIPPI,Pike County,Educational Services,10
KANSAS,McPherson County,Educational Services,10
NEW YORK,Seneca County,Educational Services,10
NEW YORK,Clinton County,Educational Services,10
FLORIDA,Levy County,Educational Services,10
WISCONSIN,Door County,Educational Services,10
FLORIDA,Gadsden County,Educational Services,10
KANSAS,Saline County,Educational Services,10
OREGON,Tillamook County,Educational Services,10
UTAH,Uintah County,Educational Services,10
INDIANA,Warrick County,Educational Services,10
NEW MEXICO,Curry County,Educational Services,10
WASHINGTON,Mason County,Educational Services,10
COLORADO,San Miguel County,Educational Services,10
MINNESOTA,Goodhue County,Educational Services,10
VIRGINIA,New Kent County,Educational Services,10
TEXAS,Val Verde County,Educational Services,10
MISSOURI,Pulaski County,Educational Services,10
KENTUCKY,Shelby County,Educational Services,10
TEXAS,Austin County,Educational Services,10
VIRGINIA,Campbell County,Educational Services,10
WYOMING,Campbell County,Educational Services,10
OKLAHOMA,Washington County,Educational Services,10
GEORGIA,Spalding County,Educational Services,10
LOUISIANA,St. Martin Parish,Educational Services,10
OHIO,Washington County,Educational Services,10
MICHIGAN,Shiawassee County,Educational Services,10
WYOMING,Albany County,Educational Services,10
NEW MEXICO,Valencia County,Educational Services,9
NORTH CAROLINA,Caldwell County,Educational Services,9
OKLAHOMA,Creek County,Educational Services,9
NORTH CAROLINA,Sampson County,Educational Services,9
NORTH CAROLINA,Vance County,Educational Services,9
NORTH CAROLINA,Pasquotank County,Educational Services,9
NORTH CAROLINA,Lenoir County,Educational Services,9
NORTH CAROLINA,Jackson County,Educational Services,9
NORTH CAROLINA,Currituck County,Educational Services,9
NORTH CAROLINA,Macon County,Educational Services,9
NORTH CAROLINA,Burke County,Educational Services,9
NEW YORK,Livingston County,Educational Services,9
OHIO,Huron County,Educational Services,9
MARYLAND,Garrett County,Educational Services,9
MISSISSIPPI,Leflore County,Educational Services,9
GEORGIA,Pickens County,Educational Services,9
MISSISSIPPI,Coahoma County,Educational Services,9
VIRGINIA,Salem city,Educational Services,9
ARIZONA,Gila County,Educational Services,9
SOUTH CAROLINA,Darlington County,Educational Services,9
MINNESOTA,Steele County,Educational Services,9
TEXAS,Washington County,Educational Services,9
GEORGIA,Habersham County,Educational Services,9
MINNESOTA,Douglas County,Educational Services,9
TEXAS,Kleberg County,Educational Services,9
MICHIGAN,Van Buren County,Educational Services,9
WASHINGTON,Klickitat County,Educational Services,9
FLORIDA,Putnam County,Educational Services,9
SOUTH DAKOTA,Lawrence County,Educational Services,9
ARKANSAS,Lonoke County,Educational Services,9
MICHIGAN,Hillsdale County,Educational Services,9
WEST VIRGINIA,Marion County,Educational Services,9
MICHIGAN,Delta County,Educational Services,9
WEST VIRGINIA,Putnam County,Educational Services,9
LOUISIANA,Acadia Parish,Educational Services,9
WEST VIRGINIA,Raleigh County,Educational Services,9
CALIFORNIA,Calaveras County,Educational Services,9
CALIFORNIA,Siskiyou County,Educational Services,9
VIRGINIA,Isle of Wight County,Educational Services,9
MARYLAND,Caroline County,Educational Services,9
MARYLAND,Allegany County,Educational Services,9
CALIFORNIA,Lake County,Educational Services,9
MISSISSIPPI,Lafayette County,Educational Services,9
TENNESSEE,Robertson County,Educational Services,9
WISCONSIN,Waupaca County,Educational Services,9
MISSOURI,Adair County,Educational Services,9
PENNSYLVANIA,Mifflin County,Educational Services,9
MISSOURI,Camden County,Educational Services,9
VIRGINIA,Powhatan County,Educational Services,9
MONTANA,Lake County,Educational Services,9
NEBRASKA,Adams County,Educational Services,9
VIRGINIA,Gloucester County,Educational Services,9
PENNSYLVANIA,Warren County,Educational Services,9
MISSOURI,Laclede County,Educational Services,9
PENNSYLVANIA,Armstrong County,Educational Services,9
VERMONT,Franklin County,Educational Services,9
NEBRASKA,Lincoln County,Educational Services,9
PENNSYLVANIA,Huntingdon County,Educational Services,9
GEORGIA,White County,Educational Services,9
WISCONSIN,Sawyer County,Educational Services,9
MISSOURI,Taney County,Educational Services,9
KENTUCKY,Muhlenberg County,Educational Services,8
FLORIDA,Hardee County,Educational Services,8
COLORADO,Teller County,Educational Services,8
WEST VIRGINIA,Greenbrier County,Educational Services,8
UTAH,Grand County,Educational Services,8
ILLINOIS,Whiteside County,Educational Services,8
NORTH CAROLINA,Madison County,Educational Services,8
OHIO,Holmes County,Educational Services,8
TEXAS,Gillespie County,Educational Services,8
KENTUCKY,Woodford County,Educational Services,8
VIRGINIA,Franklin County,Educational Services,8
NORTH CAROLINA,Haywood County,Educational Services,8
IDAHO,Payette County,Educational Services,8
LOUISIANA,St. Bernard Parish,Educational Services,8
LOUISIANA,St. Charles Parish,Educational Services,8
OHIO,Williams County,Educational Services,8
VIRGINIA,Pittsylvania County,Educational Services,8
KENTUCKY,Boyle County,Educational Services,8
TEXAS,Titus County,Educational Services,8
TEXAS,Wise County,Educational Services,8
GEORGIA,Tift County,Educational Services,8
INDIANA,Montgomery County,Educational Services,8
INDIANA,Jefferson County,Educational Services,8
GEORGIA,Liberty County,Educational Services,8
INDIANA,Huntington County,Educational Services,8
VIRGINIA,Amherst County,Educational Services,8
OKLAHOMA,Cherokee County,Educational Services,8
CALIFORNIA,Plumas County,Educational Services,8
NORTH CAROLINA,Polk County,Educational Services,8
TEXAS,Hardin County,Educational Services,8
IOWA,Marion County,Educational Services,8
NORTH CAROLINA,Rockingham County,Educational Services,8
GEORGIA,Gordon County,Educational Services,8
GEORGIA,Gilmer County,Educational Services,8
TEXAS,Liberty County,Educational Services,8
OKLAHOMA,Jackson County,Educational Services,8
KANSAS,Crawford County,Educational Services,8
NEW YORK,Steuben County,Educational Services,8
GEORGIA,Catoosa County,Educational Services,8
TEXAS,Walker County,Educational Services,8
TEXAS,San Patricio County,Educational Services,8
NEW YORK,Herkimer County,Educational Services,8
MISSOURI,Howell County,Educational Services,8
MINNESOTA,Clay County,Educational Services,8
OREGON,Crook County,Educational Services,8
MINNESOTA,Houston County,Educational Services,8
ALABAMA,Etowah County,Educational Services,8
MINNESOTA,Itasca County,Educational Services,8
MINNESOTA,Kandiyohi County,Educational Services,8
ARKANSAS,Clark County,Educational Services,8
MINNESOTA,Martin County,Educational Services,8
MAINE,Franklin County,Educational Services,8
SOUTH CAROLINA,Jasper County,Educational Services,8
PENNSYLVANIA,Clarion County,Educational Services,8
SOUTH CAROLINA,Greenwood County,Educational Services,8
ALABAMA,St. Clair County,Educational Services,8
OHIO,Clinton County,Educational Services,8
MINNESOTA,Nicollet County,Educational Services,8
MISSOURI,Callaway County,Educational Services,8
MISSISSIPPI,Alcorn County,Educational Services,8
ALASKA,Sitka Borough,Educational Services,8
OHIO,Darke County,Educational Services,8
PENNSYLVANIA,Perry County,Educational Services,8
PENNSYLVANIA,Clearfield County,Educational Services,8
PENNSYLVANIA,Somerset County,Educational Services,8
NEW MEXICO,Rio Arriba County,Educational Services,8
ALABAMA,Elmore County,Educational Services,8
NEW YORK,Genesee County,Educational Services,8
WYOMING,Sweetwater County,Educational Services,8
ARKANSAS,Union County,Educational Services,8
TENNESSEE,Hamblen County,Educational Services,8
OHIO,Marion County,Educational Services,8
TENNESSEE,Greene County,Educational Services,8
OHIO,Knox County,Educational Services,8
WISCONSIN,Douglas County,Educational Services,8
OHIO,Athens County,Educational Services,8
TENNESSEE,Cheatham County,Educational Services,8
NORTH DAKOTA,Williams County,Educational Services,8
NEW YORK,Allegany County,Educational Services,8
PENNSYLVANIA,Carbon County,Educational Services,8
TENNESSEE,Anderson County,Educational Services,8
WISCONSIN,Grant County,Educational Services,8
ARKANSAS,Jefferson County,Educational Services,8
SOUTH DAKOTA,Codington County,Educational Services,8
MICHIGAN,Newaygo County,Educational Services,8
IDAHO,Elmore County,Educational Services,7
ALABAMA,Russell County,Educational Services,7
ALABAMA,Talladega County,Educational Services,7
IDAHO,Valley County,Educational Services,7
VIRGINIA,Prince Edward County,Educational Services,7
ALABAMA,Walker County,Educational Services,7
WISCONSIN,Shawano County,Educational Services,7
VIRGINIA,Orange County,Educational Services,7
WASHINGTON,Asotin County,Educational Services,7
VIRGINIA,Prince George County,Educational Services,7
GEORGIA,Sumter County,Educational Services,7
WISCONSIN,Calumet County,Educational Services,7
OHIO,Mercer County,Educational Services,7
COLORADO,Delta County,Educational Services,7
OHIO,Putnam County,Educational Services,7
COLORADO,Grand County,Educational Services,7
COLORADO,Park County,Educational Services,7
OHIO,Scioto County,Educational Services,7
OHIO,Madison County,Educational Services,7
WISCONSIN,Kewaunee County,Educational Services,7
ARKANSAS,Conway County,Educational Services,7
GEORGIA,Colquitt County,Educational Services,7
ARKANSAS,Carroll County,Educational Services,7
VIRGINIA,Waynesboro city,Educational Services,7
ARIZONA,Graham County,Educational Services,7
OHIO,Logan County,Educational Services,7
VIRGINIA,Pulaski County,Educational Services,7
OHIO,Defiance County,Educational Services,7
ILLINOIS,Clinton County,Educational Services,7
OREGON,Wasco County,Educational Services,7
NORTH CAROLINA,Hoke County,Educational Services,7
LOUISIANA,West Baton Rouge Parish,Educational Services,7
SOUTH DAKOTA,Davison County,Educational Services,7
SOUTH DAKOTA,Yankton County,Educational Services,7
NEW YORK,Chenango County,Educational Services,7
TENNESSEE,Lawrence County,Educational Services,7
NEW YORK,Delaware County,Educational Services,7
MAINE,Sagadahoc County,Educational Services,7
TENNESSEE,Warren County,Educational Services,7
MINNESOTA,Becker County,Educational Services,7
KENTUCKY,Scott County,Educational Services,7
KENTUCKY,Pike County,Educational Services,7
KENTUCKY,Laurel County,Educational Services,7
TEXAS,Cherokee County,Educational Services,7
KENTUCKY,Greenup County,Educational Services,7
KENTUCKY,Calloway County,Educational Services,7
MICHIGAN,St. Joseph County,Educational Services,7
MINNESOTA,Cass County,Educational Services,7
KENTUCKY,Barren County,Educational Services,7
PENNSYLVANIA,Venango County,Educational Services,7
NEBRASKA,Dawson County,Educational Services,7
PENNSYLVANIA,Bradford County,Educational Services,7
PENNSYLVANIA,Elk County,Educational Services,7
MISSOURI,Pettis County,Educational Services,7
MISSOURI,Marion County,Educational Services,7
MISSOURI,Audrain County,Educational Services,7
MISSISSIPPI,Oktibbeha County,Educational Services,7
SOUTH CAROLINA,Newberry County,Educational Services,7
MISSISSIPPI,Jones County,Educational Services,7
SOUTH CAROLINA,Abbeville County,Educational Services,7
MINNESOTA,Pine County,Educational Services,7
MINNESOTA,Mower County,Educational Services,7
MINNESOTA,McLeod County,Educational Services,7
SOUTH CAROLINA,Laurens County,Educational Services,7
KENTUCKY,Bullitt County,Educational Services,7
TEXAS,Brown County,Educational Services,7
NEW YORK,Schoharie County,Educational Services,7
IOWA,Wapello County,Educational Services,7
NORTH CAROLINA,Halifax County,Educational Services,7
ILLINOIS,Stephenson County,Educational Services,7
ILLINOIS,Woodford County,Educational Services,7
INDIANA,Adams County,Educational Services,7
INDIANA,Noble County,Educational Services,7
NORTH CAROLINA,Columbus County,Educational Services,7
INDIANA,Steuben County,Educational Services,7
INDIANA,White County,Educational Services,7
IOWA,Boone County,Educational Services,7
NEBRASKA,Madison County,Educational Services,7
OKLAHOMA,Custer County,Educational Services,7
IOWA,Marshall County,Educational Services,7
IOWA,Des Moines County,Educational Services,7
TEXAS,Maverick County,Educational Services,7
KANSAS,Harvey County,Educational Services,7
IOWA,Webster County,Educational Services,7
IOWA,Winneshiek County,Educational Services,7
VIRGINIA,Henry County,Educational Services,6
PENNSYLVANIA,Bedford County,Educational Services,6
SOUTH CAROLINA,Clarendon County,Educational Services,6
SOUTH CAROLINA,Cherokee County,Educational Services,6
TEXAS,Coryell County,Educational Services,6
VIRGINIA,Bristol city,Educational Services,6
WEST VIRGINIA,Fayette County,Educational Services,6
PENNSYLVANIA,Snyder County,Educational Services,6
PENNSYLVANIA,Pike County,Educational Services,6
OHIO,Ross County,Educational Services,6
OHIO,Shelby County,Educational Services,6
PENNSYLVANIA,Mc Kean County,Educational Services,6
VIRGINIA,Culpeper County,Educational Services,6
OHIO,Sandusky County,Educational Services,6
VIRGINIA,Mecklenburg County,Educational Services,6
VIRGINIA,Halifax County,Educational Services,6
OHIO,Lawrence County,Educational Services,6
TENNESSEE,McMinn County,Educational Services,6
WISCONSIN,Polk County,Educational Services,6
VIRGINIA,Lexington city,Educational Services,6
TENNESSEE,Loudon County,Educational Services,6
TEXAS,Anderson County,Educational Services,6
VIRGINIA,Wythe County,Educational Services,6
TENNESSEE,Franklin County,Educational Services,6
TENNESSEE,Cumberland County,Educational Services,6
WASHINGTON,Douglas County,Educational Services,6
WISCONSIN,Green County,Educational Services,6
SOUTH DAKOTA,Meade County,Educational Services,6
TEXAS,Van Zandt County,Educational Services,6
TEXAS,Henderson County,Educational Services,6
VIRGINIA,Tazewell County,Educational Services,6
TEXAS,Wharton County,Educational Services,6
WISCONSIN,Oneida County,Educational Services,6
TEXAS,Wilson County,Educational Services,6
WASHINGTON,Grays Harbor County,Educational Services,6
ALABAMA,Autauga County,Educational Services,6
MISSOURI,Newton County,Educational Services,6
IOWA,Jasper County,Educational Services,6
COLORADO,Fremont County,Educational Services,6
FLORIDA,Hendry County,Educational Services,6
MISSISSIPPI,Prentiss County,Educational Services,6
MISSISSIPPI,Pontotoc County,Educational Services,6
NEW MEXICO,Chaves County,Educational Services,6
ILLINOIS,Monroe County,Educational Services,6
COLORADO,Montrose County,Educational Services,6
NEW MEXICO,Lincoln County,Educational Services,6
NEW MEXICO,Los Alamos County,Educational Services,6
NEW MEXICO,McKinley County,Educational Services,6
IOWA,Union County,Educational Services,6
CALIFORNIA,Mariposa County,Educational Services,6
ILLINOIS,Randolph County,Educational Services,6
MISSISSIPPI,Hancock County,Educational Services,6
NEW YORK,Franklin County,Educational Services,6
IDAHO,Idaho County,Educational Services,6
LOUISIANA,Avoyelles Parish,Educational Services,6
NEW YORK,Greene County,Educational Services,6
INDIANA,Decatur County,Educational Services,6
NEW YORK,Orleans County,Educational Services,6
INDIANA,Greene County,Educational Services,6
FLORIDA,Jackson County,Educational Services,6
ILLINOIS,Macoupin County,Educational Services,6
MISSISSIPPI,Tippah County,Educational Services,6
NEBRASKA,Seward County,Educational Services,6
MICHIGAN,Alpena County,Educational Services,6
GEORGIA,Wayne County,Educational Services,6
MISSOURI,Polk County,Educational Services,6
LOUISIANA,Washington Parish,Educational Services,6
LOUISIANA,Vernon Parish,Educational Services,6
MONTANA,Lincoln County,Educational Services,6
IDAHO,Shoshone County,Educational Services,6
MISSOURI,Lincoln County,Educational Services,6
MISSOURI,Lafayette County,Educational Services,6
KANSAS,Cowley County,Educational Services,6
GEORGIA,Lumpkin County,Educational Services,6
ILLINOIS,Coles County,Educational Services,6
NEBRASKA,Otoe County,Educational Services,6
GEORGIA,Greene County,Educational Services,6
GEORGIA,Franklin County,Educational Services,6
GEORGIA,Fannin County,Educational Services,6
MICHIGAN,Branch County,Educational Services,6
ILLINOIS,Logan County,Educational Services,6
LOUISIANA,Plaquemines Parish,Educational Services,6
NEW YORK,Wyoming County,Educational Services,6
KANSAS,Ellis County,Educational Services,6
IOWA,Lee County,Educational Services,6
ARKANSAS,Hot Spring County,Educational Services,6
NORTH CAROLINA,Stokes County,Educational Services,6
NORTH DAKOTA,Stutsman County,Educational Services,6
MINNESOTA,Isanti County,Educational Services,6
KENTUCKY,Henderson County,Educational Services,6
IOWA,Bremer County,Educational Services,6
KENTUCKY,Harlan County,Educational Services,6
OHIO,Auglaize County,Educational Services,6
NORTH CAROLINA,Wilkes County,Educational Services,6
ARIZONA,Apache County,Educational Services,6
IOWA,Crawford County,Educational Services,6
NORTH CAROLINA,Surry County,Educational Services,6
MICHIGAN,Ionia County,Educational Services,6
MICHIGAN,Leelanau County,Educational Services,6
ARKANSAS,Independence County,Educational Services,6
MICHIGAN,Tuscola County,Educational Services,6
OHIO,Henry County,Educational Services,6
MINNESOTA,Nobles County,Educational Services,6
ALASKA,Ketchikan Gateway Borough,Educational Services,6
MINNESOTA,Morrison County,Educational Services,6
IOWA,Kossuth County,Educational Services,6
OHIO,Guernsey County,Educational Services,6
KENTUCKY,Nelson County,Educational Services,6
INDIANA,Lawrence County,Educational Services,6
ILLINOIS,Effingham County,Educational Services,5
KANSAS,Barton County,Educational Services,5
VIRGINIA,Hopewell city,Educational Services,5
INDIANA,Whitley County,Educational Services,5
IOWA,Jones County,Educational Services,5
TENNESSEE,Henderson County,Educational Services,5
INDIANA,Jasper County,Educational Services,5
IOWA,Buena Vista County,Educational Services,5
TENNESSEE,Henry County,Educational Services,5
TEXAS,Wood County,Educational Services,5
IOWA,Washington County,Educational Services,5
IOWA,Carroll County,Educational Services,5
IOWA,Cass County,Educational Services,5
VIRGINIA,Madison County,Educational Services,5
IDAHO,Jerome County,Educational Services,5
IOWA,Dickinson County,Educational Services,5
MISSOURI,Nodaway County,Educational Services,5
PENNSYLVANIA,Juniata County,Educational Services,5
MICHIGAN,Mason County,Educational Services,5
MISSOURI,Randolph County,Educational Services,5
IDAHO,Jefferson County,Educational Services,5
MICHIGAN,Barry County,Educational Services,5
TENNESSEE,Fayette County,Educational Services,5
MISSISSIPPI,Tishomingo County,Educational Services,5
MINNESOTA,Carlton County,Educational Services,5
INDIANA,Jackson County,Educational Services,5
MINNESOTA,Polk County,Educational Services,5
MINNESOTA,Sibley County,Educational Services,5
INDIANA,Gibson County,Educational Services,5
TENNESSEE,Carter County,Educational Services,5
IOWA,Muscatine County,Educational Services,5
INDIANA,Dubois County,Educational Services,5
MISSISSIPPI,Adams County,Educational Services,5
MINNESOTA,Lyon County,Educational Services,5
TENNESSEE,Claiborne County,Educational Services,5
VIRGINIA,Caroline County,Educational Services,5
VIRGINIA,Clarke County,Educational Services,5
MINNESOTA,Le Sueur County,Educational Services,5
VIRGINIA,Colonial Heights city,Educational Services,5
INDIANA,Posey County,Educational Services,5
IOWA,Mahaska County,Educational Services,5
INDIANA,Ripley County,Educational Services,5
ILLINOIS,Morgan County,Educational Services,5
MINNESOTA,Freeborn County,Educational Services,5
TENNESSEE,Dyer County,Educational Services,5
VIRGINIA,Floyd County,Educational Services,5
MINNESOTA,Fillmore County,Educational Services,5
TEXAS,Starr County,Educational Services,5
MINNESOTA,Cook County,Educational Services,5
VIRGINIA,Fluvanna County,Educational Services,5
SOUTH CAROLINA,Fairfield County,Educational Services,5
PENNSYLVANIA,Susquehanna County,Educational Services,5
INDIANA,De Kalb County,Educational Services,5
KENTUCKY,Logan County,Educational Services,5
NEW YORK,Fulton County,Educational Services,5
WISCONSIN,Clark County,Educational Services,5
NORTH CAROLINA,McDowell County,Educational Services,5
WISCONSIN,Lincoln County,Educational Services,5
KENTUCKY,Graves County,Educational Services,5
TEXAS,Erath County,Educational Services,5
TEXAS,Fayette County,Educational Services,5
ARKANSAS,Phillips County,Educational Services,5
OHIO,Highland County,Educational Services,5
OKLAHOMA,Grady County,Educational Services,5
TEXAS,Blanco County,Educational Services,5
NEW YORK,Tioga County,Educational Services,5
WISCONSIN,Barron County,Educational Services,5
WISCONSIN,Ashland County,Educational Services,5
OKLAHOMA,McClain County,Educational Services,5
NEW YORK,Montgomery County,Educational Services,5
WEST VIRGINIA,Randolph County,Educational Services,5
MISSOURI,Warren County,Educational Services,5
ARKANSAS,Greene County,Educational Services,5
KENTUCKY,Russell County,Educational Services,5
COLORADO,Archuleta County,Educational Services,5
KENTUCKY,McLean County,Educational Services,5
ALABAMA,Barbour County,Educational Services,5
ALABAMA,Clarke County,Educational Services,5
ALABAMA,Colbert County,Educational Services,5
WYOMING,Johnson County,Educational Services,5
OHIO,Adams County,Educational Services,5
ALABAMA,Dallas County,Educational Services,5
NORTH DAKOTA,Ramsey County,Educational Services,5
NORTH DAKOTA,Morton County,Educational Services,5
NORTH CAROLINA,Robeson County,Educational Services,5
ALABAMA,Pike County,Educational Services,5
OHIO,Perry County,Educational Services,5
ALASKA,Bethel Census Area,Educational Services,5
ALASKA,Southeast Fairbanks Census Area,Educational Services,5
ARKANSAS,Baxter County,Educational Services,5
ARKANSAS,Crawford County,Educational Services,5
NORTH CAROLINA,Scotland County,Educational Services,5
OKLAHOMA,Pittsburg County,Educational Services,5
VIRGINIA,Shenandoah County,Educational Services,5
COLORADO,Elbert County,Educational Services,5
OREGON,Umatilla County,Educational Services,5
TEXAS,Harrison County,Educational Services,5
GEORGIA,Chattahoochee County,Educational Services,5
GEORGIA,Dawson County,Educational Services,5
MONTANA,Richland County,Educational Services,5
KANSAS,Jefferson County,Educational Services,5
GEORGIA,Rabun County,Educational Services,5
TEXAS,Hopkins County,Educational Services,5
LOUISIANA,St. James Parish,Educational Services,5
OREGON,Union County,Educational Services,5
GEORGIA,Hart County,Educational Services,5
KANSAS,Miami County,Educational Services,5
GEORGIA,Peach County,Educational Services,5
NEBRASKA,Gage County,Educational Services,5
MICHIGAN,Mackinac County,Educational Services,5
NEBRASKA,Washington County,Educational Services,5
FLORIDA,Suwannee County,Educational Services,5
NEVADA,Elko County,Educational Services,5
WASHINGTON,Stevens County,Educational Services,5
KANSAS,Finney County,Educational Services,5
OKLAHOMA,Stephens County,Educational Services,5
NEW YORK,Cortland County,Educational Services,5
LOUISIANA,Beauregard Parish,Educational Services,5
OKLAHOMA,Woodward County,Educational Services,5
WEST VIRGINIA,Hancock County,Educational Services,5
NEW MEXICO,Grant County,Educational Services,5
GEORGIA,Ware County,Educational Services,5
KENTUCKY,Boyd County,Educational Services,5
KENTUCKY,Bourbon County,Educational Services,5
MARYLAND,Dorchester County,Educational Services,5
LOUISIANA,Union Parish,Educational Services,5
KANSAS,Gray County,Educational Services,4
KENTUCKY,Knott County,Educational Services,4
TEXAS,Colorado County,Educational Services,4
KANSAS,Atchison County,Educational Services,4
KENTUCKY,Johnson County,Educational Services,4
KANSAS,Marshall County,Educational Services,4
TEXAS,Cooke County,Educational Services,4
IOWA,Lyon County,Educational Services,4
IOWA,Poweshiek County,Educational Services,4
KANSAS,Nemaha County,Educational Services,4
IOWA,Mitchell County,Educational Services,4
TEXAS,Dawson County,Educational Services,4
TEXAS,Gaines County,Educational Services,4
TEXAS,Hale County,Educational Services,4
KENTUCKY,Breathitt County,Educational Services,4
IOWA,O,Educational Services,4
TEXAS,Polk County,Educational Services,4
TEXAS,Lamar County,Educational Services,4
OHIO,Hocking County,Educational Services,4
IOWA,Henry County,Educational Services,4
CALIFORNIA,Glenn County,Educational Services,4
GEORGIA,Putnam County,Educational Services,4
GEORGIA,Murray County,Educational Services,4
GEORGIA,Madison County,Educational Services,4
VIRGINIA,Williamsburg city,Educational Services,4
GEORGIA,Jasper County,Educational Services,4
GEORGIA,Effingham County,Educational Services,4
GEORGIA,Coffee County,Educational Services,4
FLORIDA,Wakulla County,Educational Services,4
FLORIDA,Hamilton County,Educational Services,4
FLORIDA,DeSoto County,Educational Services,4
WASHINGTON,Whitman County,Educational Services,4
COLORADO,Morgan County,Educational Services,4
WEST VIRGINIA,Logan County,Educational Services,4
CALIFORNIA,Tehama County,Educational Services,4
CALIFORNIA,Amador County,Educational Services,4
INDIANA,Wells County,Educational Services,4
ARKANSAS,Mississippi County,Educational Services,4
ARKANSAS,Miller County,Educational Services,4
WISCONSIN,Iowa County,Educational Services,4
ARKANSAS,Lafayette County,Educational Services,4
WISCONSIN,Marinette County,Educational Services,4
WISCONSIN,Marquette County,Educational Services,4
ARKANSAS,Franklin County,Educational Services,4
ARKANSAS,Crittenden County,Educational Services,4
ARKANSAS,Columbia County,Educational Services,4
ALASKA,Kodiak Island Borough,Educational Services,4
ALABAMA,Perry County,Educational Services,4
ALABAMA,DeKalb County,Educational Services,4
ALABAMA,Covington County,Educational Services,4
ALABAMA,Bibb County,Educational Services,4
VIRGINIA,Rappahannock County,Educational Services,4
GEORGIA,Thomas County,Educational Services,4
GEORGIA,Toombs County,Educational Services,4
GEORGIA,Upson County,Educational Services,4
UTAH,Sevier County,Educational Services,4
INDIANA,Wabash County,Educational Services,4
INDIANA,Sullivan County,Educational Services,4
INDIANA,Starke County,Educational Services,4
INDIANA,Shelby County,Educational Services,4
INDIANA,Putnam County,Educational Services,4
INDIANA,Owen County,Educational Services,4
INDIANA,Knox County,Educational Services,4
INDIANA,Franklin County,Educational Services,4
INDIANA,Clinton County,Educational Services,4
INDIANA,Clay County,Educational Services,4
VIRGINIA,Buckingham County,Educational Services,4
INDIANA,Brown County,Educational Services,4
ILLINOIS,Piatt County,Educational Services,4
ILLINOIS,Montgomery County,Educational Services,4
ILLINOIS,Marion County,Educational Services,4
ILLINOIS,Lee County,Educational Services,4
ILLINOIS,Jersey County,Educational Services,4
ILLINOIS,Henry County,Educational Services,4
ILLINOIS,Edgar County,Educational Services,4
TEXAS,Chambers County,Educational Services,4
VIRGINIA,Lancaster County,Educational Services,4
ILLINOIS,Boone County,Educational Services,4
VIRGINIA,Louisa County,Educational Services,4
VIRGINIA,Nelson County,Educational Services,4
IDAHO,Fremont County,Educational Services,4
IDAHO,Cassia County,Educational Services,4
VIRGINIA,Northampton County,Educational Services,4
GEORGIA,Walker County,Educational Services,4
ILLINOIS,Crawford County,Educational Services,4
KENTUCKY,Clark County,Educational Services,4
MICHIGAN,Dickinson County,Educational Services,4
OHIO,Van Wert County,Educational Services,4
NORTH CAROLINA,Granville County,Educational Services,4
MISSISSIPPI,Marion County,Educational Services,4
NORTH CAROLINA,Hertford County,Educational Services,4
NEW MEXICO,Cibola County,Educational Services,4
MISSISSIPPI,Grenada County,Educational Services,4
MICHIGAN,Chippewa County,Educational Services,4
MICHIGAN,Cheboygan County,Educational Services,4
MICHIGAN,Gratiot County,Educational Services,4
MICHIGAN,Otsego County,Educational Services,4
MICHIGAN,Sanilac County,Educational Services,4
MICHIGAN,Charlevoix County,Educational Services,4
MONTANA,Sanders County,Educational Services,4
NORTH CAROLINA,Swain County,Educational Services,4
NEBRASKA,Dodge County,Educational Services,4
OKLAHOMA,Kay County,Educational Services,4
MISSISSIPPI,Winston County,Educational Services,4
NEBRASKA,Dawes County,Educational Services,4
MICHIGAN,Mecosta County,Educational Services,4
NEBRASKA,Saunders County,Educational Services,4
SOUTH DAKOTA,Lake County,Educational Services,4
MISSISSIPPI,Panola County,Educational Services,4
MISSISSIPPI,Stone County,Educational Services,4
NEBRASKA,Saline County,Educational Services,4
MISSISSIPPI,Sunflower County,Educational Services,4
NEBRASKA,Scotts Bluff County,Educational Services,4
MISSISSIPPI,Marshall County,Educational Services,4
NORTH CAROLINA,Bladen County,Educational Services,4
MISSISSIPPI,Union County,Educational Services,4
NORTH CAROLINA,Davie County,Educational Services,4
MICHIGAN,Montcalm County,Educational Services,4
SOUTH DAKOTA,Union County,Educational Services,4
OREGON,Wallowa County,Educational Services,4
MISSOURI,Henry County,Educational Services,4
TENNESSEE,Lincoln County,Educational Services,4
NORTH CAROLINA,Ashe County,Educational Services,4
TEXAS,Bee County,Educational Services,4
OHIO,Brown County,Educational Services,4
NORTH DAKOTA,Richland County,Educational Services,4
NORTH DAKOTA,Pierce County,Educational Services,4
OHIO,Coshocton County,Educational Services,4
MONTANA,Carbon County,Educational Services,4
TEXAS,Atascosa County,Educational Services,4
KENTUCKY,Union County,Educational Services,4
LOUISIANA,East Feliciana Parish,Educational Services,4
OKLAHOMA,Pottawatomie County,Educational Services,4
SOUTH CAROLINA,Bamberg County,Educational Services,4
KENTUCKY,Rowan County,Educational Services,4
MINNESOTA,Lake County,Educational Services,4
MISSOURI,Washington County,Educational Services,4
NEBRASKA,York County,Educational Services,4
LOUISIANA,Natchitoches Parish,Educational Services,4
MISSOURI,Texas County,Educational Services,4
MONTANA,Glacier County,Educational Services,4
SOUTH CAROLINA,Lee County,Educational Services,4
PENNSYLVANIA,Greene County,Educational Services,4
MONTANA,Hill County,Educational Services,4
TENNESSEE,Roane County,Educational Services,4
TENNESSEE,Rhea County,Educational Services,4
KENTUCKY,Marshall County,Educational Services,4
MAINE,Piscataquis County,Educational Services,4
NEVADA,Nye County,Educational Services,4
MINNESOTA,Todd County,Educational Services,4
OHIO,Champaign County,Educational Services,4
NEVADA,Lyon County,Educational Services,3
GEORGIA,Crisp County,Educational Services,3
FLORIDA,Washington County,Educational Services,3
OREGON,Jefferson County,Educational Services,3
NEVADA,Humboldt County,Educational Services,3
FLORIDA,Okeechobee County,Educational Services,3
OREGON,Malheur County,Educational Services,3
NEBRASKA,Thurston County,Educational Services,3
GEORGIA,Butts County,Educational Services,3
GEORGIA,Bryan County,Educational Services,3
GEORGIA,Ben Hill County,Educational Services,3
GEORGIA,Dade County,Educational Services,3
GEORGIA,Banks County,Educational Services,3
FLORIDA,Madison County,Educational Services,3
TEXAS,Cass County,Educational Services,3
GEORGIA,Decatur County,Educational Services,3
WASHINGTON,Ferry County,Educational Services,3
GEORGIA,Pike County,Educational Services,3
VIRGINIA,Rockbridge County,Educational Services,3
NEBRASKA,Cass County,Educational Services,3
VIRGINIA,Russell County,Educational Services,3
GEORGIA,Oglethorpe County,Educational Services,3
NEBRASKA,Cedar County,Educational Services,3
VIRGINIA,Smyth County,Educational Services,3
NEBRASKA,Colfax County,Educational Services,3
GEORGIA,Morgan County,Educational Services,3
GEORGIA,Monroe County,Educational Services,3
GEORGIA,Meriwether County,Educational Services,3
VIRGINIA,Surry County,Educational Services,3
NEBRASKA,Cuming County,Educational Services,3
GEORGIA,Macon County,Educational Services,3
GEORGIA,Long County,Educational Services,3
GEORGIA,Laurens County,Educational Services,3
VIRGINIA,Westmoreland County,Educational Services,3
GEORGIA,Lamar County,Educational Services,3
VIRGINIA,Wise County,Educational Services,3
GEORGIA,Jefferson County,Educational Services,3
NEBRASKA,Holt County,Educational Services,3
NEBRASKA,Jefferson County,Educational Services,3
GEORGIA,Harris County,Educational Services,3
NEBRASKA,Phelps County,Educational Services,3
GEORGIA,Grady County,Educational Services,3
NEBRASKA,Red Willow County,Educational Services,3
GEORGIA,Evans County,Educational Services,3
OREGON,Harney County,Educational Services,3
OKLAHOMA,Okmulgee County,Educational Services,3
FLORIDA,Bradford County,Educational Services,3
NORTH CAROLINA,Washington County,Educational Services,3
OHIO,Preble County,Educational Services,3
WISCONSIN,Rusk County,Educational Services,3
ALASKA,Valdez-Cordova Census Area,Educational Services,3
WISCONSIN,Richland County,Educational Services,3
NORTH CAROLINA,Yadkin County,Educational Services,3
ARKANSAS,Arkansas County,Educational Services,3
ARKANSAS,Boone County,Educational Services,3
WISCONSIN,Lafayette County,Educational Services,3
NORTH CAROLINA,Warren County,Educational Services,3
NORTH CAROLINA,Richmond County,Educational Services,3
WISCONSIN,Monroe County,Educational Services,3
NORTH CAROLINA,Pamlico County,Educational Services,3
NORTH CAROLINA,Northampton County,Educational Services,3
NORTH CAROLINA,Montgomery County,Educational Services,3
NORTH CAROLINA,Yancey County,Educational Services,3
OHIO,Pike County,Educational Services,3
ALASKA,Haines Borough,Educational Services,3
OHIO,Pickaway County,Educational Services,3
ALABAMA,Tallapoosa County,Educational Services,3
WISCONSIN,Vilas County,Educational Services,3
NORTH DAKOTA,Barnes County,Educational Services,3
NORTH DAKOTA,McKenzie County,Educational Services,3
ALABAMA,Monroe County,Educational Services,3
ALABAMA,Macon County,Educational Services,3
ALABAMA,Henry County,Educational Services,3
ALABAMA,Hale County,Educational Services,3
OHIO,Crawford County,Educational Services,3
ALABAMA,Chambers County,Educational Services,3
ALABAMA,Blount County,Educational Services,3
OHIO,Gallia County,Educational Services,3
OHIO,Hardin County,Educational Services,3
ARKANSAS,Hempstead County,Educational Services,3
NORTH CAROLINA,Edgecombe County,Educational Services,3
FLORIDA,Baker County,Educational Services,3
NEW MEXICO,Torrance County,Educational Services,3
WEST VIRGINIA,Upshur County,Educational Services,3
OKLAHOMA,Osage County,Educational Services,3
COLORADO,Alamosa County,Educational Services,3
OKLAHOMA,Pontotoc County,Educational Services,3
COLORADO,Clear Creek County,Educational Services,3
WEST VIRGINIA,Mercer County,Educational Services,3
OREGON,Baker County,Educational Services,3
OHIO,Wyandot County,Educational Services,3
COLORADO,Huerfano County,Educational Services,3
COLORADO,Moffat County,Educational Services,3
NEW MEXICO,Socorro County,Educational Services,3
NEW MEXICO,Lea County,Educational Services,3
OREGON,Curry County,Educational Services,3
COLORADO,Saguache County,Educational Services,3
CALIFORNIA,Mono County,Educational Services,3
OKLAHOMA,Major County,Educational Services,3
WISCONSIN,Bayfield County,Educational Services,3
NEW YORK,Yates County,Educational Services,3
CALIFORNIA,Lassen County,Educational Services,3
CALIFORNIA,Inyo County,Educational Services,3
NORTH CAROLINA,Avery County,Educational Services,3
WISCONSIN,Crawford County,Educational Services,3
CALIFORNIA,Del Norte County,Educational Services,3
CALIFORNIA,Colusa County,Educational Services,3
NORTH CAROLINA,Bertie County,Educational Services,3
ARKANSAS,Pike County,Educational Services,3
WISCONSIN,Dunn County,Educational Services,3
ARKANSAS,Nevada County,Educational Services,3
NORTH CAROLINA,Duplin County,Educational Services,3
OKLAHOMA,Bryan County,Educational Services,3
ARKANSAS,Lawrence County,Educational Services,3
NEBRASKA,Butler County,Educational Services,3
MISSOURI,New Madrid County,Educational Services,3
MONTANA,Rosebud County,Educational Services,3
TEXAS,Rusk County,Educational Services,3
IOWA,Iowa County,Educational Services,3
MICHIGAN,Manistee County,Educational Services,3
SOUTH DAKOTA,Todd County,Educational Services,3
MICHIGAN,Iosco County,Educational Services,3
TENNESSEE,Bedford County,Educational Services,3
MICHIGAN,Huron County,Educational Services,3
TENNESSEE,Carroll County,Educational Services,3
MICHIGAN,Benzie County,Educational Services,3
MICHIGAN,Gladwin County,Educational Services,3
TENNESSEE,Coffee County,Educational Services,3
IOWA,Palo Alto County,Educational Services,3
TEXAS,Panola County,Educational Services,3
TENNESSEE,Dickson County,Educational Services,3
IOWA,Winnebago County,Educational Services,3
TEXAS,Upshur County,Educational Services,3
IOWA,Howard County,Educational Services,3
IOWA,Hamilton County,Educational Services,3
IOWA,Grundy County,Educational Services,3
IOWA,Fayette County,Educational Services,3
TEXAS,Ward County,Educational Services,3
MICHIGAN,Menominee County,Educational Services,3
IOWA,Clinton County,Educational Services,3
IOWA,Clayton County,Educational Services,3
IOWA,Clay County,Educational Services,3
MICHIGAN,Missaukee County,Educational Services,3
SOUTH DAKOTA,Custer County,Educational Services,3
SOUTH DAKOTA,Clay County,Educational Services,3
SOUTH DAKOTA,Charles Mix County,Educational Services,3
IOWA,Benton County,Educational Services,3
IOWA,Appanoose County,Educational Services,3
MICHIGAN,Oceana County,Educational Services,3
TEXAS,Milam County,Educational Services,3
KANSAS,Brown County,Educational Services,3
VIRGINIA,Radford city,Educational Services,3
KENTUCKY,Fleming County,Educational Services,3
LOUISIANA,Evangeline Parish,Educational Services,3
KENTUCKY,Carter County,Educational Services,3
LOUISIANA,Allen Parish,Educational Services,3
TEXAS,Bandera County,Educational Services,3
TEXAS,Fannin County,Educational Services,3
KENTUCKY,Whitley County,Educational Services,3
KENTUCKY,Floyd County,Educational Services,3
KANSAS,Clay County,Educational Services,3
KENTUCKY,Hancock County,Educational Services,3
KENTUCKY,Taylor County,Educational Services,3
KENTUCKY,Ohio County,Educational Services,3
TEXAS,Brewster County,Educational Services,3
TEXAS,Calhoun County,Educational Services,3
TEXAS,Clay County,Educational Services,3
TENNESSEE,Weakley County,Educational Services,3
KENTUCKY,Anderson County,Educational Services,3
LOUISIANA,Madison Parish,Educational Services,3
KANSAS,Sumner County,Educational Services,3
KANSAS,Pottawatomie County,Educational Services,3
LOUISIANA,Pointe Coupee Parish,Educational Services,3
LOUISIANA,Richland Parish,Educational Services,3
LOUISIANA,St. Helena Parish,Educational Services,3
KANSAS,Marion County,Educational Services,3
KANSAS,Geary County,Educational Services,3
KANSAS,Franklin County,Educational Services,3
KANSAS,Ford County,Educational Services,3
MARYLAND,Somerset County,Educational Services,3
MICHIGAN,Antrim County,Educational Services,3
TEXAS,Lee County,Educational Services,3
TENNESSEE,Jefferson County,Educational Services,3
TEXAS,Llano County,Educational Services,3
SOUTH CAROLINA,Union County,Educational Services,3
SOUTH CAROLINA,Saluda County,Educational Services,3
MINNESOTA,Faribault County,Educational Services,3
MISSOURI,Butler County,Educational Services,3
MISSOURI,Gasconade County,Educational Services,3
MISSOURI,Dunklin County,Educational Services,3
VIRGINIA,King George County,Educational Services,3
MISSOURI,Douglas County,Educational Services,3
MISSOURI,Dent County,Educational Services,3
MISSOURI,Cedar County,Educational Services,3
MISSISSIPPI,Yazoo County,Educational Services,3
SOUTH CAROLINA,Marlboro County,Educational Services,3
ILLINOIS,Franklin County,Educational Services,3
ILLINOIS,Iroquois County,Educational Services,3
MISSISSIPPI,Wilkinson County,Educational Services,3
MISSISSIPPI,Walthall County,Educational Services,3
MISSISSIPPI,Tate County,Educational Services,3
ILLINOIS,McDonough County,Educational Services,3
ILLINOIS,Bond County,Educational Services,3
MISSOURI,Macon County,Educational Services,3
MISSOURI,Miller County,Educational Services,3
VIRGINIA,Manassas Park city,Educational Services,3
KENTUCKY,Knox County,Educational Services,3
VIRGINIA,Martinsville city,Educational Services,3
MISSOURI,Saline County,Educational Services,3
MISSOURI,Scott County,Educational Services,3
IDAHO,Clearwater County,Educational Services,3
MISSOURI,Wright County,Educational Services,3
IDAHO,Boundary County,Educational Services,3
VIRGINIA,Page County,Educational Services,3
VIRGINIA,Patrick County,Educational Services,3
MONTANA,Beaverhead County,Educational Services,3
MONTANA,Deer Lodge County,Educational Services,3
PENNSYLVANIA,Clinton County,Educational Services,3
GEORGIA,Stephens County,Educational Services,3
PENNSYLVANIA,Wyoming County,Educational Services,3
MISSISSIPPI,Noxubee County,Educational Services,3
MISSISSIPPI,Monroe County,Educational Services,3
VIRGINIA,Alleghany County,Educational Services,3
INDIANA,Scott County,Educational Services,3
SOUTH CAROLINA,Marion County,Educational Services,3
MINNESOTA,Koochiching County,Educational Services,3
INDIANA,Perry County,Educational Services,3
INDIANA,Parke County,Educational Services,3
MINNESOTA,Meeker County,Educational Services,3
MINNESOTA,Mille Lacs County,Educational Services,3
INDIANA,Jennings County,Educational Services,3
MINNESOTA,Redwood County,Educational Services,3
SOUTH CAROLINA,Edgefield County,Educational Services,3
INDIANA,Henry County,Educational Services,3
INDIANA,Harrison County,Educational Services,3
SOUTH CAROLINA,Colleton County,Educational Services,3
MINNESOTA,Wabasha County,Educational Services,3
SOUTH CAROLINA,Chester County,Educational Services,3
ILLINOIS,Ogle County,Educational Services,3
MINNESOTA,Waseca County,Educational Services,3
MISSISSIPPI,Amite County,Educational Services,3
MISSISSIPPI,Bolivar County,Educational Services,3
SOUTH CAROLINA,Barnwell County,Educational Services,3
VIRGINIA,Brunswick County,Educational Services,3
MISSISSIPPI,Calhoun County,Educational Services,3
MISSISSIPPI,Chickasaw County,Educational Services,3
VIRGINIA,Charles City County,Educational Services,3
ILLINOIS,Union County,Educational Services,3
ILLINOIS,Shelby County,Educational Services,3
ILLINOIS,Schuyler County,Educational Services,3
MISSISSIPPI,Copiah County,Educational Services,3
VIRGINIA,Covington city,Educational Services,3
VIRGINIA,Dinwiddie County,Educational Services,3
WYOMING,Uinta County,Educational Services,3
